city_id,city_name,sensor_id,parameter,date_local,hour_local,utc_from,local_from,avg,median,min,max,p25,p75,sd,coverage_pct,observed_minutes
ulaanbaatar,Ulaanbaatar,14549786,pm25,2026-03-28,15,2026-03-28T07:00:00Z,2026-03-28T15:00:00+08:00,4.5,4.5,4.5,4.5,4.5,4.5,,100.0,1
ulaanbaatar,Ulaanbaatar,14549786,pm25,2026-03-28,16,2026-03-28T08:00:00Z,2026-03-28T16:00:00+08:00,3.1,3.1,3.1,3.1,3.1,3.1,,100.0,1
ulaanbaatar,Ulaanbaatar,14549786,pm25,2026-03-28,17,2026-03-28T09:00:00Z,2026-03-28T17:00:00+08:00,1.9,1.9,1.9,1.9,1.9,1.9,,100.0,1
ulaanbaatar,Ulaanbaatar,13412637,pm25,2026-03-28,17,2026-03-28T09:00:00Z,2026-03-28T17:00:00+08:00,8.844999999999999,8.815,8.11,9.64,8.485,9.175,0.6475852582221644,33.0,4
ulaanbaatar,Ulaanbaatar,13412636,pm25,2026-03-28,17,2026-03-28T09:00:00Z,2026-03-28T17:00:00+08:00,9.76,9.64,8.83,10.81,9.235,10.225000000000001,0.9954396013822228,25.0,3
ulaanbaatar,Ulaanbaatar,14549786,pm25,2026-03-28,18,2026-03-28T10:00:00Z,2026-03-28T18:00:00+08:00,3.4,3.4,3.4,3.4,3.4,3.4,,100.0,1
ulaanbaatar,Ulaanbaatar,14549786,pm25,2026-03-28,19,2026-03-28T11:00:00Z,2026-03-28T19:00:00+08:00,8.2,8.2,8.2,8.2,8.2,8.2,,100.0,1
ulaanbaatar,Ulaanbaatar,13412637,pm25,2026-03-28,19,2026-03-28T11:00:00Z,2026-03-28T19:00:00+08:00,11.465,11.469999999999999,10.19,12.73,10.7975,12.1375,1.105697366672576,33.0,4
ulaanbaatar,Ulaanbaatar,13412636,pm25,2026-03-28,19,2026-03-28T11:00:00Z,2026-03-28T19:00:00+08:00,13.24,13.91,11.44,14.37,12.675,14.14,1.5757220567092405,25.0,3
ulaanbaatar,Ulaanbaatar,14549786,pm25,2026-03-28,20,2026-03-28T12:00:00Z,2026-03-28T20:00:00+08:00,20.5,20.5,20.5,20.5,20.5,20.5,,100.0,1
ulaanbaatar,Ulaanbaatar,13412637,pm25,2026-03-28,20,2026-03-28T12:00:00Z,2026-03-28T20:00:00+08:00,13.003333333333336,12.9,12.52,13.59,12.71,13.245000000000001,0.5424327915358097,25.0,3
ulaanbaatar,Ulaanbaatar,13412636,pm25,2026-03-28,20,2026-03-28T12:00:00Z,2026-03-28T20:00:00+08:00,14.056666666666667,13.9,13.01,15.26,13.455,14.58,1.133151946269049,25.0,3
ulaanbaatar,Ulaanbaatar,14549786,pm25,2026-03-28,21,2026-03-28T13:00:00Z,2026-03-28T21:00:00+08:00,10.3,10.3,10.3,10.3,10.3,10.3,,100.0,1
ulaanbaatar,Ulaanbaatar,14549786,pm25,2026-03-28,22,2026-03-28T14:00:00Z,2026-03-28T22:00:00+08:00,6.8,6.8,6.8,6.8,6.8,6.8,,100.0,1
ulaanbaatar,Ulaanbaatar,13412637,pm25,2026-03-28,22,2026-03-28T14:00:00Z,2026-03-28T22:00:00+08:00,15.25,15.52,11.75,18.48,13.635,17.0,3.3731142880133778,25.0,3
ulaanbaatar,Ulaanbaatar,13412636,pm25,2026-03-28,22,2026-03-28T14:00:00Z,2026-03-28T22:00:00+08:00,13.74,14.21,9.89,17.12,12.05,15.665000000000001,3.637842767355401,25.0,3
ulaanbaatar,Ulaanbaatar,14549786,pm25,2026-03-28,23,2026-03-28T15:00:00Z,2026-03-28T23:00:00+08:00,4.6,4.6,4.6,4.6,4.6,4.6,,100.0,1
ulaanbaatar,Ulaanbaatar,14549786,pm25,2026-03-29,0,2026-03-28T16:00:00Z,2026-03-29T00:00:00+08:00,10.8,10.8,10.8,10.8,10.8,10.8,,100.0,1
ulaanbaatar,Ulaanbaatar,13412637,pm25,2026-03-29,0,2026-03-28T16:00:00Z,2026-03-29T00:00:00+08:00,19.125,19.15,14.57,23.63,15.185,23.09,4.806922092150026,33.0,4
ulaanbaatar,Ulaanbaatar,13412636,pm25,2026-03-29,0,2026-03-28T16:00:00Z,2026-03-29T00:00:00+08:00,20.490000000000002,21.6,16.71,23.16,19.155,22.380000000000003,3.365219160767989,25.0,3
ulaanbaatar,Ulaanbaatar,14549786,pm25,2026-03-29,1,2026-03-28T17:00:00Z,2026-03-29T01:00:00+08:00,47.6,47.6,47.6,47.6,47.6,47.6,,100.0,1
ulaanbaatar,Ulaanbaatar,13412636,pm25,2026-03-29,1,2026-03-28T17:00:00Z,2026-03-29T01:00:00+08:00,33.4925,35.11,21.68,42.07,28.3475,40.254999999999995,,33.0,4
ulaanbaatar,Ulaanbaatar,13412637,pm25,2026-03-29,1,2026-03-28T17:00:00Z,2026-03-29T01:00:00+08:00,29.99666666666667,32.04,19.4,38.55,25.72,35.295,9.737147083891328,25.0,3
ulaanbaatar,Ulaanbaatar,14549786,pm25,2026-03-29,2,2026-03-28T18:00:00Z,2026-03-29T02:00:00+08:00,59.2,59.2,59.2,59.2,59.2,59.2,,100.0,1
ulaanbaatar,Ulaanbaatar,13412637,pm25,2026-03-29,2,2026-03-28T18:00:00Z,2026-03-29T02:00:00+08:00,34.51,34.745,24.6,43.95,27.7725,41.4825,,33.0,4
ulaanbaatar,Ulaanbaatar,13412636,pm25,2026-03-29,2,2026-03-28T18:00:00Z,2026-03-29T02:00:00+08:00,37.15,30.49,29.55,51.41,30.02,40.949999999999996,12.358462687567572,25.0,3
ulaanbaatar,Ulaanbaatar,14549786,pm25,2026-03-29,3,2026-03-28T19:00:00Z,2026-03-29T03:00:00+08:00,43.5,43.5,43.5,43.5,43.5,43.5,,100.0,1
ulaanbaatar,Ulaanbaatar,14549786,pm25,2026-03-29,4,2026-03-28T20:00:00Z,2026-03-29T04:00:00+08:00,6.2,6.2,6.2,6.2,6.2,6.2,,100.0,1
ulaanbaatar,Ulaanbaatar,13412637,pm25,2026-03-29,4,2026-03-28T20:00:00Z,2026-03-29T04:00:00+08:00,17.775,13.755,11.45,32.14,11.645,19.885,9.781678451745043,33.0,4
ulaanbaatar,Ulaanbaatar,13412636,pm25,2026-03-29,4,2026-03-28T20:00:00Z,2026-03-29T04:00:00+08:00,15.856666666666667,18.02,11.25,18.3,14.635,18.16,3.9919460584197948,25.0,3
ulaanbaatar,Ulaanbaatar,14549786,pm25,2026-03-29,5,2026-03-28T21:00:00Z,2026-03-29T05:00:00+08:00,14.6,14.6,14.6,14.6,14.6,14.6,,100.0,1
ulaanbaatar,Ulaanbaatar,14549786,pm25,2026-03-29,6,2026-03-28T22:00:00Z,2026-03-29T06:00:00+08:00,9.2,9.2,9.2,9.2,9.2,9.2,,100.0,1
ulaanbaatar,Ulaanbaatar,14549786,pm25,2026-03-29,7,2026-03-28T23:00:00Z,2026-03-29T07:00:00+08:00,19.7,19.7,19.7,19.7,19.7,19.7,,100.0,1
ulaanbaatar,Ulaanbaatar,14549786,pm25,2026-03-29,8,2026-03-29T00:00:00Z,2026-03-29T08:00:00+08:00,24.8,24.8,24.8,24.8,24.8,24.8,,100.0,1
ulaanbaatar,Ulaanbaatar,14549786,pm25,2026-03-29,9,2026-03-29T01:00:00Z,2026-03-29T09:00:00+08:00,30.9,30.9,30.9,30.9,30.9,30.9,,100.0,1
ulaanbaatar,Ulaanbaatar,14549786,pm25,2026-03-29,10,2026-03-29T02:00:00Z,2026-03-29T10:00:00+08:00,20.3,20.3,20.3,20.3,20.3,20.3,,100.0,1
ulaanbaatar,Ulaanbaatar,13412636,pm25,2026-03-29,10,2026-03-29T02:00:00Z,2026-03-29T10:00:00+08:00,20.92,19.785,18.46,25.65,18.535,22.17,3.3666105605885948,33.0,4
ulaanbaatar,Ulaanbaatar,13412637,pm25,2026-03-29,10,2026-03-29T02:00:00Z,2026-03-29T10:00:00+08:00,19.16,18.07,18.05,21.36,18.060000000000002,19.715,1.9052821313390818,25.0,3
ulaanbaatar,Ulaanbaatar,14549786,pm25,2026-03-29,11,2026-03-29T03:00:00Z,2026-03-29T11:00:00+08:00,8.8,8.8,8.8,8.8,8.8,8.8,,100.0,1
ulaanbaatar,Ulaanbaatar,13412637,pm25,2026-03-29,11,2026-03-29T03:00:00Z,2026-03-29T11:00:00+08:00,14.185,14.27,10.86,17.34,12.915,15.54,,33.0,4
ulaanbaatar,Ulaanbaatar,13412636,pm25,2026-03-29,11,2026-03-29T03:00:00Z,2026-03-29T11:00:00+08:00,13.123333333333335,13.18,11.39,14.8,12.285,13.99,1.7057061098950586,25.0,3
ulaanbaatar,Ulaanbaatar,14549786,pm25,2026-03-29,12,2026-03-29T04:00:00Z,2026-03-29T12:00:00+08:00,5.5,5.5,5.5,5.5,5.5,5.5,,100.0,1
ulaanbaatar,Ulaanbaatar,14549786,pm25,2026-03-29,13,2026-03-29T05:00:00Z,2026-03-29T13:00:00+08:00,4.6,4.6,4.6,4.6,4.6,4.6,,100.0,1
ulaanbaatar,Ulaanbaatar,13412637,pm25,2026-03-29,13,2026-03-29T05:00:00Z,2026-03-29T13:00:00+08:00,11.105,11.09,9.89,12.35,10.175,12.02,1.2071315863097385,33.0,4
ulaanbaatar,Ulaanbaatar,13412636,pm25,2026-03-29,13,2026-03-29T05:00:00Z,2026-03-29T13:00:00+08:00,11.126666666666665,10.73,9.89,12.76,10.31,11.745000000000001,1.4755450970178214,25.0,3
ulaanbaatar,Ulaanbaatar,14549786,pm25,2026-03-29,14,2026-03-29T06:00:00Z,2026-03-29T14:00:00+08:00,4.8,4.8,4.8,4.8,4.8,4.8,,100.0,1
ulaanbaatar,Ulaanbaatar,14549786,pm25,2026-03-29,15,2026-03-29T07:00:00Z,2026-03-29T15:00:00+08:00,1.6,1.6,1.6,1.6,1.6,1.6,,100.0,1
ulaanbaatar,Ulaanbaatar,14549786,pm25,2026-03-29,16,2026-03-29T08:00:00Z,2026-03-29T16:00:00+08:00,1.2,1.2,1.2,1.2,1.2,1.2,,100.0,1
ulaanbaatar,Ulaanbaatar,13412637,pm25,2026-03-29,16,2026-03-29T08:00:00Z,2026-03-29T16:00:00+08:00,8.786666666666667,8.29,7.77,10.3,8.03,9.295,1.3361262415405721,25.0,3
ulaanbaatar,Ulaanbaatar,13412636,pm25,2026-03-29,16,2026-03-29T08:00:00Z,2026-03-29T16:00:00+08:00,8.083333333333334,7.67,7.3,9.28,7.484999999999999,8.475,1.0527266185165702,25.0,3
ulaanbaatar,Ulaanbaatar,14549786,pm25,2026-03-29,17,2026-03-29T09:00:00Z,2026-03-29T17:00:00+08:00,1.2,1.2,1.2,1.2,1.2,1.2,,100.0,1
ulaanbaatar,Ulaanbaatar,13412636,pm25,2026-03-29,17,2026-03-29T09:00:00Z,2026-03-29T17:00:00+08:00,8.3875,8.305,7.66,9.28,8.14,8.5525,,33.0,4
ulaanbaatar,Ulaanbaatar,13412637,pm25,2026-03-29,17,2026-03-29T09:00:00Z,2026-03-29T17:00:00+08:00,8.5175,8.254999999999999,6.82,10.74,7.12,9.6525,,33.0,4
ulaanbaatar,Ulaanbaatar,14549786,pm25,2026-03-29,18,2026-03-29T10:00:00Z,2026-03-29T18:00:00+08:00,2.9,2.9,2.9,2.9,2.9,2.9,,100.0,1
ulaanbaatar,Ulaanbaatar,13412637,pm25,2026-03-29,18,2026-03-29T10:00:00Z,2026-03-29T18:00:00+08:00,10.94,12.02,7.62,13.18,9.82,12.6,2.933121204450986,25.0,3
ulaanbaatar,Ulaanbaatar,13412636,pm25,2026-03-29,18,2026-03-29T10:00:00Z,2026-03-29T18:00:00+08:00,11.930000000000001,12.96,9.38,13.45,11.170000000000002,13.205,2.2219135896789495,25.0,3
ulaanbaatar,Ulaanbaatar,14549786,pm25,2026-03-29,19,2026-03-29T11:00:00Z,2026-03-29T19:00:00+08:00,2.7,2.7,2.7,2.7,2.7,2.7,,100.0,1
ulaanbaatar,Ulaanbaatar,13412636,pm25,2026-03-29,19,2026-03-29T11:00:00Z,2026-03-29T19:00:00+08:00,10.25,9.45,7.3,14.8,8.3725,11.3275,,33.0,4
ulaanbaatar,Ulaanbaatar,13412637,pm25,2026-03-29,19,2026-03-29T11:00:00Z,2026-03-29T19:00:00+08:00,10.7975,11.425,6.95,13.39,9.92,12.3025,2.7593643591716304,33.0,4
ulaanbaatar,Ulaanbaatar,14549786,pm25,2026-03-29,20,2026-03-29T12:00:00Z,2026-03-29T20:00:00+08:00,11.1,11.1,11.1,11.1,11.1,11.1,,100.0,1
ulaanbaatar,Ulaanbaatar,13412637,pm25,2026-03-29,20,2026-03-29T12:00:00Z,2026-03-29T20:00:00+08:00,13.43,11.14,11.1,18.05,11.120000000000001,14.595,4.001087352208146,25.0,3
ulaanbaatar,Ulaanbaatar,13412636,pm25,2026-03-29,20,2026-03-29T12:00:00Z,2026-03-29T20:00:00+08:00,15.176666666666668,16.55,11.94,17.04,14.245000000000001,16.795,2.813722326977795,25.0,3
ulaanbaatar,Ulaanbaatar,14549786,pm25,2026-03-29,21,2026-03-29T13:00:00Z,2026-03-29T21:00:00+08:00,73.1,73.1,73.1,73.1,73.1,73.1,,100.0,1
ulaanbaatar,Ulaanbaatar,13412636,pm25,2026-03-29,21,2026-03-29T13:00:00Z,2026-03-29T21:00:00+08:00,57.75749999999999,56.965,11.47,105.63,24.085,90.6375,,33.0,4
ulaanbaatar,Ulaanbaatar,13412637,pm25,2026-03-29,21,2026-03-29T13:00:00Z,2026-03-29T21:00:00+08:00,41.53333333333333,24.2,16.07,84.33,20.134999999999998,54.265,37.28525490503362,25.0,3
ulaanbaatar,Ulaanbaatar,14549786,pm25,2026-03-29,22,2026-03-29T14:00:00Z,2026-03-29T22:00:00+08:00,49.1,49.1,49.1,49.1,49.1,49.1,,100.0,1
ulaanbaatar,Ulaanbaatar,13412637,pm25,2026-03-29,22,2026-03-29T14:00:00Z,2026-03-29T22:00:00+08:00,62.13,59.040000000000006,38.53,91.91,51.085,70.08500000000001,,33.0,4
ulaanbaatar,Ulaanbaatar,13412636,pm25,2026-03-29,22,2026-03-29T14:00:00Z,2026-03-29T22:00:00+08:00,58.046666666666674,60.4,45.32,68.42,52.86,64.41,11.728432688698579,25.0,3
ulaanbaatar,Ulaanbaatar,14549786,pm25,2026-03-29,23,2026-03-29T15:00:00Z,2026-03-29T23:00:00+08:00,42.2,42.2,42.2,42.2,42.2,42.2,,100.0,1
ulaanbaatar,Ulaanbaatar,13412636,pm25,2026-03-29,23,2026-03-29T15:00:00Z,2026-03-29T23:00:00+08:00,38.519999999999996,37.235,35.43,44.18,36.269999999999996,39.485,,33.0,4
ulaanbaatar,Ulaanbaatar,13412637,pm25,2026-03-29,23,2026-03-29T15:00:00Z,2026-03-29T23:00:00+08:00,34.330000000000005,31.98,31.55,39.46,31.765,35.72,4.447909621383956,25.0,3
ulaanbaatar,Ulaanbaatar,14549786,pm25,2026-03-30,0,2026-03-29T16:00:00Z,2026-03-30T00:00:00+08:00,33.3,33.3,33.3,33.3,33.3,33.3,,100.0,1
ulaanbaatar,Ulaanbaatar,13412637,pm25,2026-03-30,0,2026-03-29T16:00:00Z,2026-03-30T00:00:00+08:00,31.555,29.52,28.88,38.3,29.345,31.729999999999997,,33.0,4
ulaanbaatar,Ulaanbaatar,13412636,pm25,2026-03-30,0,2026-03-29T16:00:00Z,2026-03-30T00:00:00+08:00,34.766666666666666,35.14,31.39,37.77,33.265,36.455,3.2063426724748774,25.0,3
ulaanbaatar,Ulaanbaatar,14549786,pm25,2026-03-30,1,2026-03-29T17:00:00Z,2026-03-30T01:00:00+08:00,34.4,34.4,34.4,34.4,34.4,34.4,,100.0,1
ulaanbaatar,Ulaanbaatar,13412637,pm25,2026-03-30,1,2026-03-29T17:00:00Z,2026-03-30T01:00:00+08:00,30.44666666666667,32.48,25.71,33.15,29.095,32.815,4.1157299879041265,25.0,3
ulaanbaatar,Ulaanbaatar,13412636,pm25,2026-03-30,1,2026-03-29T17:00:00Z,2026-03-30T01:00:00+08:00,32.27666666666667,31.73,28.9,36.2,30.314999999999998,33.965,3.680575136216266,25.0,3
ulaanbaatar,Ulaanbaatar,14549786,pm25,2026-03-30,2,2026-03-29T18:00:00Z,2026-03-30T02:00:00+08:00,38.5,38.5,38.5,38.5,38.5,38.5,,100.0,1
ulaanbaatar,Ulaanbaatar,13412636,pm25,2026-03-30,2,2026-03-29T18:00:00Z,2026-03-30T02:00:00+08:00,33.6425,32.760000000000005,29.57,39.48,30.2375,36.165,,33.0,4
ulaanbaatar,Ulaanbaatar,13412637,pm25,2026-03-30,2,2026-03-29T18:00:00Z,2026-03-30T02:00:00+08:00,31.902499999999996,30.045,27.79,39.73,29.275,32.6725,,33.0,4
ulaanbaatar,Ulaanbaatar,14549786,pm25,2026-03-30,3,2026-03-29T19:00:00Z,2026-03-30T03:00:00+08:00,37.7,37.7,37.7,37.7,37.7,37.7,,100.0,1
ulaanbaatar,Ulaanbaatar,13412637,pm25,2026-03-30,3,2026-03-29T19:00:00Z,2026-03-30T03:00:00+08:00,30.89,30.28,29.76,32.63,30.020000000000003,31.455000000000002,1.5291500907366797,25.0,3
ulaanbaatar,Ulaanbaatar,13412636,pm25,2026-03-30,3,2026-03-29T19:00:00Z,2026-03-30T03:00:00+08:00,33.44,31.9,29.95,38.47,30.924999999999997,35.185,4.463888439466204,25.0,3
ulaanbaatar,Ulaanbaatar,14549786,pm25,2026-03-30,4,2026-03-29T20:00:00Z,2026-03-30T04:00:00+08:00,38.8,38.8,38.8,38.8,38.8,38.8,,100.0,1
ulaanbaatar,Ulaanbaatar,14549786,pm25,2026-03-30,5,2026-03-29T21:00:00Z,2026-03-30T05:00:00+08:00,35.4,35.4,35.4,35.4,35.4,35.4,,100.0,1
ulaanbaatar,Ulaanbaatar,14549786,pm25,2026-03-30,6,2026-03-29T22:00:00Z,2026-03-30T06:00:00+08:00,20.1,20.1,20.1,20.1,20.1,20.1,,100.0,1
ulaanbaatar,Ulaanbaatar,14549786,pm25,2026-03-30,7,2026-03-29T23:00:00Z,2026-03-30T07:00:00+08:00,20.3,20.3,20.3,20.3,20.3,20.3,,100.0,1
ulaanbaatar,Ulaanbaatar,13412637,pm25,2026-03-30,7,2026-03-29T23:00:00Z,2026-03-30T07:00:00+08:00,29.6725,28.134999999999998,16.26,46.16,16.605,41.2025,15.460326376460058,33.0,4
ulaanbaatar,Ulaanbaatar,13412636,pm25,2026-03-30,7,2026-03-29T23:00:00Z,2026-03-30T07:00:00+08:00,35.92333333333333,45.26,15.89,46.62,30.575,45.94,17.362696603158547,25.0,3
ulaanbaatar,Ulaanbaatar,14549786,pm25,2026-03-30,8,2026-03-30T00:00:00Z,2026-03-30T08:00:00+08:00,26.4,26.4,26.4,26.4,26.4,26.4,,100.0,1
ulaanbaatar,Ulaanbaatar,13412636,pm25,2026-03-30,8,2026-03-30T00:00:00Z,2026-03-30T08:00:00+08:00,20.28,20.86,18.19,21.21,19.990000000000002,21.15,,33.0,4
ulaanbaatar,Ulaanbaatar,13412637,pm25,2026-03-30,8,2026-03-30T00:00:00Z,2026-03-30T08:00:00+08:00,22.233333333333334,23.25,18.76,24.69,21.005000000000003,23.97,3.0929651361328565,25.0,3
ulaanbaatar,Ulaanbaatar,14549786,pm25,2026-03-30,9,2026-03-30T01:00:00Z,2026-03-30T09:00:00+08:00,24.8,24.8,24.8,24.8,24.8,24.8,,100.0,1
ulaanbaatar,Ulaanbaatar,13412637,pm25,2026-03-30,9,2026-03-30T01:00:00Z,2026-03-30T09:00:00+08:00,23.6475,23.515,19.44,28.12,20.4525,26.71,,33.0,4
ulaanbaatar,Ulaanbaatar,13412636,pm25,2026-03-30,9,2026-03-30T01:00:00Z,2026-03-30T09:00:00+08:00,22.149999999999995,21.18,20.09,25.18,20.634999999999998,23.18,2.6800559695648154,25.0,3
ulaanbaatar,Ulaanbaatar,14549786,pm25,2026-03-30,10,2026-03-30T02:00:00Z,2026-03-30T10:00:00+08:00,32.9,32.9,32.9,32.9,32.9,32.9,,100.0,1
ulaanbaatar,Ulaanbaatar,13412637,pm25,2026-03-30,10,2026-03-30T02:00:00Z,2026-03-30T10:00:00+08:00,32.666666666666664,31.24,29.94,36.82,30.59,34.03,3.655151615642414,25.0,3
ulaanbaatar,Ulaanbaatar,13412636,pm25,2026-03-30,10,2026-03-30T02:00:00Z,2026-03-30T10:00:00+08:00,30.436666666666667,33.01,22.51,35.79,27.759999999999998,34.4,7.004008376160992,25.0,3
ulaanbaatar,Ulaanbaatar,14549786,pm25,2026-03-30,11,2026-03-30T03:00:00Z,2026-03-30T11:00:00+08:00,1.5,1.5,1.5,1.5,1.5,1.5,,100.0,1
ulaanbaatar,Ulaanbaatar,14549786,pm25,2026-03-30,12,2026-03-30T04:00:00Z,2026-03-30T12:00:00+08:00,2.2,2.2,2.2,2.2,2.2,2.2,,100.0,1
ulaanbaatar,Ulaanbaatar,14549786,pm25,2026-03-30,13,2026-03-30T05:00:00Z,2026-03-30T13:00:00+08:00,0.1,0.1,0.1,0.1,0.1,0.1,,100.0,1
ulaanbaatar,Ulaanbaatar,14549786,pm25,2026-03-30,14,2026-03-30T06:00:00Z,2026-03-30T14:00:00+08:00,0.2,0.2,0.2,0.2,0.2,0.2,,100.0,1
ulaanbaatar,Ulaanbaatar,14549786,pm25,2026-03-30,15,2026-03-30T07:00:00Z,2026-03-30T15:00:00+08:00,0.0,0.0,0.0,0.0,0.0,0.0,,100.0,1
ulaanbaatar,Ulaanbaatar,14549786,pm25,2026-03-30,16,2026-03-30T08:00:00Z,2026-03-30T16:00:00+08:00,0.1,0.1,0.1,0.1,0.1,0.1,,100.0,1
ulaanbaatar,Ulaanbaatar,14549786,pm25,2026-03-30,17,2026-03-30T09:00:00Z,2026-03-30T17:00:00+08:00,0.2,0.2,0.2,0.2,0.2,0.2,,100.0,1
ulaanbaatar,Ulaanbaatar,13412636,pm25,2026-03-30,17,2026-03-30T09:00:00Z,2026-03-30T17:00:00+08:00,8.0875,8.1,6.51,9.64,7.29,8.8975,,33.0,4
ulaanbaatar,Ulaanbaatar,13412637,pm25,2026-03-30,17,2026-03-30T09:00:00Z,2026-03-30T17:00:00+08:00,7.195,7.255,6.11,8.16,6.3875,8.0625,,33.0,4
ulaanbaatar,Ulaanbaatar,14549786,pm25,2026-03-30,18,2026-03-30T10:00:00Z,2026-03-30T18:00:00+08:00,0.8,0.8,0.8,0.8,0.8,0.8,,100.0,1
ulaanbaatar,Ulaanbaatar,14549786,pm25,2026-03-30,19,2026-03-30T11:00:00Z,2026-03-30T19:00:00+08:00,9.9,9.9,9.9,9.9,9.9,9.9,,100.0,1
ulaanbaatar,Ulaanbaatar,13412636,pm25,2026-03-30,19,2026-03-30T11:00:00Z,2026-03-30T19:00:00+08:00,11.385,11.04,8.04,15.42,8.2275,14.1975,3.778593212647621,33.0,4
ulaanbaatar,Ulaanbaatar,13412637,pm25,2026-03-30,19,2026-03-30T11:00:00Z,2026-03-30T19:00:00+08:00,11.28,11.254999999999999,7.51,15.1,8.185,14.35,3.872750960234856,33.0,4
ulaanbaatar,Ulaanbaatar,14549786,pm25,2026-03-30,20,2026-03-30T12:00:00Z,2026-03-30T20:00:00+08:00,11.7,11.7,11.7,11.7,11.7,11.7,,100.0,1
ulaanbaatar,Ulaanbaatar,13412637,pm25,2026-03-30,20,2026-03-30T12:00:00Z,2026-03-30T20:00:00+08:00,11.823333333333336,12.21,10.38,12.88,11.295000000000002,12.545000000000002,1.2940762471096277,25.0,3
ulaanbaatar,Ulaanbaatar,13412636,pm25,2026-03-30,20,2026-03-30T12:00:00Z,2026-03-30T20:00:00+08:00,14.733333333333334,15.52,11.75,16.93,13.635,16.225,2.6781025621385997,25.0,3
ulaanbaatar,Ulaanbaatar,14549786,pm25,2026-03-30,21,2026-03-30T13:00:00Z,2026-03-30T21:00:00+08:00,34.7,34.7,34.7,34.7,34.7,34.7,,100.0,1
ulaanbaatar,Ulaanbaatar,13412636,pm25,2026-03-30,21,2026-03-30T13:00:00Z,2026-03-30T21:00:00+08:00,23.4625,24.07,15.99,29.72,18.0225,29.51,,33.0,4
ulaanbaatar,Ulaanbaatar,13412637,pm25,2026-03-30,21,2026-03-30T13:00:00Z,2026-03-30T21:00:00+08:00,20.94,21.36,13.9,27.14,15.865,26.435,,33.0,4
ulaanbaatar,Ulaanbaatar,14549786,pm25,2026-03-30,22,2026-03-30T14:00:00Z,2026-03-30T22:00:00+08:00,33.1,33.1,33.1,33.1,33.1,33.1,,100.0,1
ulaanbaatar,Ulaanbaatar,13412636,pm25,2026-03-30,22,2026-03-30T14:00:00Z,2026-03-30T22:00:00+08:00,31.599999999999998,32.89,26.8,35.11,29.845,34.0,4.302569000027776,25.0,3
ulaanbaatar,Ulaanbaatar,13412637,pm25,2026-03-30,22,2026-03-30T14:00:00Z,2026-03-30T22:00:00+08:00,30.590000000000003,32.84,25.0,33.93,28.92,33.385000000000005,4.871662960427376,25.0,3
ulaanbaatar,Ulaanbaatar,14549786,pm25,2026-03-30,23,2026-03-30T15:00:00Z,2026-03-30T23:00:00+08:00,1.4,1.4,1.4,1.4,1.4,1.4,,100.0,1
ulaanbaatar,Ulaanbaatar,13412636,pm25,2026-03-30,23,2026-03-30T15:00:00Z,2026-03-30T23:00:00+08:00,7.043333333333333,7.0,6.45,7.68,6.725,7.34,0.6161439225808638,25.0,3
ulaanbaatar,Ulaanbaatar,13412637,pm25,2026-03-30,23,2026-03-30T15:00:00Z,2026-03-30T23:00:00+08:00,7.236666666666667,7.34,6.71,7.66,7.025,7.5,0.48335632129241146,25.0,3
ulaanbaatar,Ulaanbaatar,14549786,pm25,2026-03-31,0,2026-03-30T16:00:00Z,2026-03-31T00:00:00+08:00,0.2,0.2,0.2,0.2,0.2,0.2,,100.0,1
ulaanbaatar,Ulaanbaatar,13412636,pm25,2026-03-31,0,2026-03-30T16:00:00Z,2026-03-31T00:00:00+08:00,6.577500000000001,6.285,5.49,8.25,5.6850000000000005,7.1775,,33.0,4
ulaanbaatar,Ulaanbaatar,13412637,pm25,2026-03-31,0,2026-03-30T16:00:00Z,2026-03-31T00:00:00+08:00,6.859999999999999,7.135,5.52,7.65,6.6674999999999995,7.3275,,33.0,4
ulaanbaatar,Ulaanbaatar,14549786,pm25,2026-03-31,1,2026-03-30T17:00:00Z,2026-03-31T01:00:00+08:00,0.0,0.0,0.0,0.0,0.0,0.0,,100.0,1
ulaanbaatar,Ulaanbaatar,13412636,pm25,2026-03-31,1,2026-03-30T17:00:00Z,2026-03-31T01:00:00+08:00,4.4366666666666665,4.43,4.28,4.6,4.355,4.515,0.16010413278030453,25.0,3
ulaanbaatar,Ulaanbaatar,13412637,pm25,2026-03-31,1,2026-03-30T17:00:00Z,2026-03-31T01:00:00+08:00,4.463333333333334,4.41,4.19,4.79,4.300000000000001,4.6,0.30353473167552536,25.0,3
ulaanbaatar,Ulaanbaatar,14549786,pm25,2026-03-31,2,2026-03-30T18:00:00Z,2026-03-31T02:00:00+08:00,0.0,0.0,0.0,0.0,0.0,0.0,,100.0,1
ulaanbaatar,Ulaanbaatar,13412636,pm25,2026-03-31,2,2026-03-30T18:00:00Z,2026-03-31T02:00:00+08:00,4.8225,4.83,4.66,4.97,4.720000000000001,4.9325,,33.0,4
ulaanbaatar,Ulaanbaatar,13412637,pm25,2026-03-31,2,2026-03-30T18:00:00Z,2026-03-31T02:00:00+08:00,4.9525,4.8149999999999995,4.45,5.73,4.555,5.2125,,33.0,4
ulaanbaatar,Ulaanbaatar,14549786,pm25,2026-03-31,3,2026-03-30T19:00:00Z,2026-03-31T03:00:00+08:00,0.0,0.0,0.0,0.0,0.0,0.0,,100.0,1
ulaanbaatar,Ulaanbaatar,14549786,pm25,2026-03-31,4,2026-03-30T20:00:00Z,2026-03-31T04:00:00+08:00,0.0,0.0,0.0,0.0,0.0,0.0,,100.0,1
ulaanbaatar,Ulaanbaatar,13412636,pm25,2026-03-31,4,2026-03-30T20:00:00Z,2026-03-31T04:00:00+08:00,5.38,5.275,4.95,6.02,5.1525,5.5024999999999995,0.45555826557459433,33.0,4
ulaanbaatar,Ulaanbaatar,13412637,pm25,2026-03-31,4,2026-03-30T20:00:00Z,2026-03-31T04:00:00+08:00,5.392500000000001,5.050000000000001,4.69,6.78,4.855,5.5875,0.9473603678994953,33.0,4
ulaanbaatar,Ulaanbaatar,14549786,pm25,2026-03-31,5,2026-03-30T21:00:00Z,2026-03-31T05:00:00+08:00,0.0,0.0,0.0,0.0,0.0,0.0,,100.0,1
ulaanbaatar,Ulaanbaatar,13412636,pm25,2026-03-31,5,2026-03-30T21:00:00Z,2026-03-31T05:00:00+08:00,6.323333333333333,5.89,5.18,7.9,5.535,6.895,1.4108271805339356,25.0,3
ulaanbaatar,Ulaanbaatar,13412637,pm25,2026-03-31,5,2026-03-30T21:00:00Z,2026-03-31T05:00:00+08:00,6.010000000000001,5.13,5.01,7.89,5.07,6.51,1.6292329483533043,25.0,3
ulaanbaatar,Ulaanbaatar,14549786,pm25,2026-03-31,6,2026-03-30T22:00:00Z,2026-03-31T06:00:00+08:00,0.8,0.8,0.8,0.8,0.8,0.8,,100.0,1
ulaanbaatar,Ulaanbaatar,14549786,pm25,2026-03-31,7,2026-03-30T23:00:00Z,2026-03-31T07:00:00+08:00,1.0,1.0,1.0,1.0,1.0,1.0,,100.0,1
ulaanbaatar,Ulaanbaatar,14549786,pm25,2026-03-31,8,2026-03-31T00:00:00Z,2026-03-31T08:00:00+08:00,0.3,0.3,0.3,0.3,0.3,0.3,,100.0,1
ulaanbaatar,Ulaanbaatar,13412637,pm25,2026-03-31,8,2026-03-31T00:00:00Z,2026-03-31T08:00:00+08:00,9.959999999999999,8.635,7.97,14.6,8.2925,10.302499999999998,3.115092293977821,33.0,4
ulaanbaatar,Ulaanbaatar,13412636,pm25,2026-03-31,8,2026-03-31T00:00:00Z,2026-03-31T08:00:00+08:00,10.49,9.22,8.84,13.41,9.030000000000001,11.315000000000001,2.5359219230883268,25.0,3
ulaanbaatar,Ulaanbaatar,14549786,pm25,2026-03-31,9,2026-03-31T01:00:00Z,2026-03-31T09:00:00+08:00,1.9,1.9,1.9,1.9,1.9,1.9,,100.0,1
ulaanbaatar,Ulaanbaatar,13412636,pm25,2026-03-31,9,2026-03-31T01:00:00Z,2026-03-31T09:00:00+08:00,10.650000000000002,10.36,8.21,13.67,9.7325,11.2775,,33.0,4
ulaanbaatar,Ulaanbaatar,13412637,pm25,2026-03-31,9,2026-03-31T01:00:00Z,2026-03-31T09:00:00+08:00,11.386666666666665,11.44,7.53,15.19,9.485,13.315,3.8302784929210225,25.0,3
ulaanbaatar,Ulaanbaatar,14549786,pm25,2026-03-31,10,2026-03-31T02:00:00Z,2026-03-31T10:00:00+08:00,3.6,3.6,3.6,3.6,3.6,3.6,,100.0,1
ulaanbaatar,Ulaanbaatar,13412636,pm25,2026-03-31,10,2026-03-31T02:00:00Z,2026-03-31T10:00:00+08:00,15.016666666666667,14.21,12.67,18.17,13.440000000000001,16.19,2.8373461779157885,25.0,3
ulaanbaatar,Ulaanbaatar,13412637,pm25,2026-03-31,10,2026-03-31T02:00:00Z,2026-03-31T10:00:00+08:00,15.6,17.34,10.53,18.93,13.934999999999999,18.134999999999998,4.4621407418412975,25.0,3
ulaanbaatar,Ulaanbaatar,14549786,pm25,2026-03-31,11,2026-03-31T03:00:00Z,2026-03-31T11:00:00+08:00,0.4,0.4,0.4,0.4,0.4,0.4,,100.0,1
ulaanbaatar,Ulaanbaatar,13412636,pm25,2026-03-31,11,2026-03-31T03:00:00Z,2026-03-31T11:00:00+08:00,9.55,8.89,6.35,14.07,7.2425,11.1975,,33.0,4
ulaanbaatar,Ulaanbaatar,13412637,pm25,2026-03-31,11,2026-03-31T03:00:00Z,2026-03-31T11:00:00+08:00,7.947500000000001,8.16,6.14,9.33,7.4675,8.64,,33.0,4
ulaanbaatar,Ulaanbaatar,14549786,pm25,2026-03-31,12,2026-03-31T04:00:00Z,2026-03-31T12:00:00+08:00,0.2,0.2,0.2,0.2,0.2,0.2,,100.0,1
ulaanbaatar,Ulaanbaatar,13412636,pm25,2026-03-31,12,2026-03-31T04:00:00Z,2026-03-31T12:00:00+08:00,6.913333333333333,6.96,6.1,7.68,6.529999999999999,7.32,0.7910330797971306,25.0,3
ulaanbaatar,Ulaanbaatar,13412637,pm25,2026-03-31,12,2026-03-31T04:00:00Z,2026-03-31T12:00:00+08:00,6.8566666666666665,6.88,6.1,7.59,6.49,7.234999999999999,0.7452739988308555,25.0,3
ulaanbaatar,Ulaanbaatar,14549786,pm25,2026-03-31,13,2026-03-31T05:00:00Z,2026-03-31T13:00:00+08:00,0.1,0.1,0.1,0.1,0.1,0.1,,100.0,1
ulaanbaatar,Ulaanbaatar,14549786,pm25,2026-03-31,14,2026-03-31T06:00:00Z,2026-03-31T14:00:00+08:00,2.6,2.6,2.6,2.6,2.6,2.6,,100.0,1
ulaanbaatar,Ulaanbaatar,13412636,pm25,2026-03-31,14,2026-03-31T06:00:00Z,2026-03-31T14:00:00+08:00,6.496666666666667,6.46,6.37,6.66,6.415,6.5600000000000005,0.14843629385474835,25.0,3
ulaanbaatar,Ulaanbaatar,13412637,pm25,2026-03-31,14,2026-03-31T06:00:00Z,2026-03-31T14:00:00+08:00,11.223333333333334,5.85,5.66,22.16,5.755,14.005,9.471907586823963,25.0,3
ulaanbaatar,Ulaanbaatar,14549786,pm25,2026-03-31,15,2026-03-31T07:00:00Z,2026-03-31T15:00:00+08:00,0.1,0.1,0.1,0.1,0.1,0.1,,100.0,1
ulaanbaatar,Ulaanbaatar,13412636,pm25,2026-03-31,15,2026-03-31T07:00:00Z,2026-03-31T15:00:00+08:00,7.275,7.11,5.71,9.17,6.055,8.33,,33.0,4
ulaanbaatar,Ulaanbaatar,13412637,pm25,2026-03-31,15,2026-03-31T07:00:00Z,2026-03-31T15:00:00+08:00,6.192500000000001,6.1850000000000005,5.03,7.37,5.705,6.6725,,33.0,4
ulaanbaatar,Ulaanbaatar,14549786,pm25,2026-03-31,16,2026-03-31T08:00:00Z,2026-03-31T16:00:00+08:00,0.0,0.0,0.0,0.0,0.0,0.0,,100.0,1
ulaanbaatar,Ulaanbaatar,13412636,pm25,2026-03-31,16,2026-03-31T08:00:00Z,2026-03-31T16:00:00+08:00,6.7,7.39,4.79,7.92,6.09,7.654999999999999,1.6752014804195934,25.0,3
ulaanbaatar,Ulaanbaatar,13412637,pm25,2026-03-31,16,2026-03-31T08:00:00Z,2026-03-31T16:00:00+08:00,5.483333333333333,5.5,4.86,6.09,5.18,5.795,0.6151693533762329,25.0,3
ulaanbaatar,Ulaanbaatar,14549786,pm25,2026-03-31,17,2026-03-31T09:00:00Z,2026-03-31T17:00:00+08:00,2.8,2.8,2.8,2.8,2.8,2.8,,100.0,1
ulaanbaatar,Ulaanbaatar,13412636,pm25,2026-03-31,17,2026-03-31T09:00:00Z,2026-03-31T17:00:00+08:00,7.760000000000001,6.75,5.58,11.96,5.7524999999999995,8.7575,2.955210088414472,33.0,4
ulaanbaatar,Ulaanbaatar,13412637,pm25,2026-03-31,17,2026-03-31T09:00:00Z,2026-03-31T17:00:00+08:00,9.185,7.050000000000001,6.63,16.01,6.8100000000000005,9.425,,33.0,4
ulaanbaatar,Ulaanbaatar,14549786,pm25,2026-03-31,18,2026-03-31T10:00:00Z,2026-03-31T18:00:00+08:00,2.3,2.3,2.3,2.3,2.3,2.3,,100.0,1
ulaanbaatar,Ulaanbaatar,14549786,pm25,2026-03-31,19,2026-03-31T11:00:00Z,2026-03-31T19:00:00+08:00,6.8,6.8,6.8,6.8,6.8,6.8,,100.0,1
ulaanbaatar,Ulaanbaatar,13412637,pm25,2026-03-31,19,2026-03-31T11:00:00Z,2026-03-31T19:00:00+08:00,10.81,9.515,9.31,14.9,9.43,10.895,2.728626027875568,33.0,4
ulaanbaatar,Ulaanbaatar,13412636,pm25,2026-03-31,19,2026-03-31T11:00:00Z,2026-03-31T19:00:00+08:00,11.049999999999999,11.21,10.17,11.77,10.690000000000001,11.49,0.8119113252073777,25.0,3
ulaanbaatar,Ulaanbaatar,14549786,pm25,2026-03-31,20,2026-03-31T12:00:00Z,2026-03-31T20:00:00+08:00,51.4,51.4,51.4,51.4,51.4,51.4,,100.0,1
ulaanbaatar,Ulaanbaatar,14549786,pm25,2026-03-31,21,2026-03-31T13:00:00Z,2026-03-31T21:00:00+08:00,52.3,52.3,52.3,52.3,52.3,52.3,,100.0,1
ulaanbaatar,Ulaanbaatar,13412636,pm25,2026-03-31,21,2026-03-31T13:00:00Z,2026-03-31T21:00:00+08:00,48.81,50.58,42.59,53.26,46.585,51.92,5.550846782248631,25.0,3
ulaanbaatar,Ulaanbaatar,13412637,pm25,2026-03-31,21,2026-03-31T13:00:00Z,2026-03-31T21:00:00+08:00,44.22666666666667,44.44,37.28,50.96,40.86,47.7,6.842494671779685,25.0,3
ulaanbaatar,Ulaanbaatar,14549786,pm25,2026-03-31,22,2026-03-31T14:00:00Z,2026-03-31T22:00:00+08:00,43.4,43.4,43.4,43.4,43.4,43.4,,100.0,1
ulaanbaatar,Ulaanbaatar,13412636,pm25,2026-03-31,22,2026-03-31T14:00:00Z,2026-03-31T22:00:00+08:00,39.277499999999996,39.055,36.26,42.74,36.7025,41.629999999999995,,33.0,4
ulaanbaatar,Ulaanbaatar,13412637,pm25,2026-03-31,22,2026-03-31T14:00:00Z,2026-03-31T22:00:00+08:00,35.36,35.945,30.14,39.41,32.975,38.33,,33.0,4
ulaanbaatar,Ulaanbaatar,14549786,pm25,2026-03-31,23,2026-03-31T15:00:00Z,2026-03-31T23:00:00+08:00,32.3,32.3,32.3,32.3,32.3,32.3,,100.0,1
ulaanbaatar,Ulaanbaatar,14549786,pm25,2026-04-01,0,2026-03-31T16:00:00Z,2026-04-01T00:00:00+08:00,28.1,28.1,28.1,28.1,28.1,28.1,,100.0,1
ulaanbaatar,Ulaanbaatar,14549786,pm25,2026-04-01,1,2026-03-31T17:00:00Z,2026-04-01T01:00:00+08:00,25.3,25.3,25.3,25.3,25.3,25.3,,100.0,1
ulaanbaatar,Ulaanbaatar,14549786,pm25,2026-04-01,2,2026-03-31T18:00:00Z,2026-04-01T02:00:00+08:00,10.4,10.4,10.4,10.4,10.4,10.4,,100.0,1
ulaanbaatar,Ulaanbaatar,13412636,pm25,2026-04-01,2,2026-03-31T18:00:00Z,2026-04-01T02:00:00+08:00,20.57,20.47,19.41,21.93,19.7325,21.3075,1.1559988465968858,33.0,4
ulaanbaatar,Ulaanbaatar,13412637,pm25,2026-04-01,2,2026-03-31T18:00:00Z,2026-04-01T02:00:00+08:00,21.465,21.625,17.76,24.85,20.6475,22.442500000000003,2.900396524615212,33.0,4
ulaanbaatar,Ulaanbaatar,14549786,pm25,2026-04-01,3,2026-03-31T19:00:00Z,2026-04-01T03:00:00+08:00,9.6,9.6,9.6,9.6,9.6,9.6,,100.0,1
ulaanbaatar,Ulaanbaatar,13412636,pm25,2026-04-01,3,2026-03-31T19:00:00Z,2026-04-01T03:00:00+08:00,20.320000000000004,18.99,16.51,25.46,17.75,22.225,4.620854899258365,25.0,3
ulaanbaatar,Ulaanbaatar,13412637,pm25,2026-04-01,3,2026-03-31T19:00:00Z,2026-04-01T03:00:00+08:00,18.53,18.44,14.53,22.62,16.485,20.53,4.045750857381114,25.0,3
ulaanbaatar,Ulaanbaatar,14549786,pm25,2026-04-01,4,2026-03-31T20:00:00Z,2026-04-01T04:00:00+08:00,6.3,6.3,6.3,6.3,6.3,6.3,,100.0,1
ulaanbaatar,Ulaanbaatar,13412637,pm25,2026-04-01,4,2026-03-31T20:00:00Z,2026-04-01T04:00:00+08:00,17.7725,16.705,13.36,24.32,15.4225,19.055,,33.0,4
ulaanbaatar,Ulaanbaatar,13412636,pm25,2026-04-01,4,2026-03-31T20:00:00Z,2026-04-01T04:00:00+08:00,17.58,17.58,16.93,18.23,17.255,17.905,0.6500000000000021,25.0,3
ulaanbaatar,Ulaanbaatar,14549786,pm25,2026-04-01,5,2026-03-31T21:00:00Z,2026-04-01T05:00:00+08:00,6.9,6.9,6.9,6.9,6.9,6.9,,100.0,1
ulaanbaatar,Ulaanbaatar,14549786,pm25,2026-04-01,6,2026-03-31T22:00:00Z,2026-04-01T06:00:00+08:00,3.4,3.4,3.4,3.4,3.4,3.4,,100.0,1
ulaanbaatar,Ulaanbaatar,14549786,pm25,2026-04-01,7,2026-03-31T23:00:00Z,2026-04-01T07:00:00+08:00,5.6,5.6,5.6,5.6,5.6,5.6,,100.0,1
ulaanbaatar,Ulaanbaatar,14549786,pm25,2026-04-01,8,2026-04-01T00:00:00Z,2026-04-01T08:00:00+08:00,3.6,3.6,3.6,3.6,3.6,3.6,,100.0,1
ulaanbaatar,Ulaanbaatar,14549786,pm25,2026-04-01,9,2026-04-01T01:00:00Z,2026-04-01T09:00:00+08:00,5.7,5.7,5.7,5.7,5.7,5.7,,100.0,1
ulaanbaatar,Ulaanbaatar,14549786,pm25,2026-04-01,10,2026-04-01T02:00:00Z,2026-04-01T10:00:00+08:00,8.9,8.9,8.9,8.9,8.9,8.9,,100.0,1
ulaanbaatar,Ulaanbaatar,13412636,pm25,2026-04-01,10,2026-04-01T02:00:00Z,2026-04-01T10:00:00+08:00,15.536666666666667,12.4,7.82,26.39,10.11,19.395,9.674204532328915,25.0,3
ulaanbaatar,Ulaanbaatar,13412637,pm25,2026-04-01,10,2026-04-01T02:00:00Z,2026-04-01T10:00:00+08:00,16.75,11.69,9.59,28.97,10.64,20.33,10.634791958472906,25.0,3
ulaanbaatar,Ulaanbaatar,14549786,pm25,2026-04-01,11,2026-04-01T03:00:00Z,2026-04-01T11:00:00+08:00,10.1,10.1,10.1,10.1,10.1,10.1,,100.0,1
ulaanbaatar,Ulaanbaatar,13412636,pm25,2026-04-01,11,2026-04-01T03:00:00Z,2026-04-01T11:00:00+08:00,16.235,16.335,14.27,18.0,15.2075,17.362499999999997,,33.0,4
ulaanbaatar,Ulaanbaatar,13412637,pm25,2026-04-01,11,2026-04-01T03:00:00Z,2026-04-01T11:00:00+08:00,16.2975,15.45,15.33,18.96,15.3375,16.41,,33.0,4
ulaanbaatar,Ulaanbaatar,14549786,pm25,2026-04-01,12,2026-04-01T04:00:00Z,2026-04-01T12:00:00+08:00,4.4,4.4,4.4,4.4,4.4,4.4,,100.0,1
ulaanbaatar,Ulaanbaatar,14549786,pm25,2026-04-01,13,2026-04-01T05:00:00Z,2026-04-01T13:00:00+08:00,0.1,0.1,0.1,0.1,0.1,0.1,,100.0,1
ulaanbaatar,Ulaanbaatar,13412637,pm25,2026-04-01,13,2026-04-01T05:00:00Z,2026-04-01T13:00:00+08:00,7.0875,7.74,4.73,8.14,6.71,8.1175,1.6115080928538128,33.0,4
ulaanbaatar,Ulaanbaatar,13412636,pm25,2026-04-01,13,2026-04-01T05:00:00Z,2026-04-01T13:00:00+08:00,6.463333333333334,6.86,5.63,6.9,6.245,6.880000000000001,0.7219649114280655,25.0,3
ulaanbaatar,Ulaanbaatar,14549786,pm25,2026-04-01,14,2026-04-01T06:00:00Z,2026-04-01T14:00:00+08:00,0.0,0.0,0.0,0.0,0.0,0.0,,100.0,1
ulaanbaatar,Ulaanbaatar,13412636,pm25,2026-04-01,14,2026-04-01T06:00:00Z,2026-04-01T14:00:00+08:00,5.885000000000001,5.9350000000000005,5.25,6.42,5.4075,6.4125,,33.0,4
ulaanbaatar,Ulaanbaatar,13412637,pm25,2026-04-01,14,2026-04-01T06:00:00Z,2026-04-01T14:00:00+08:00,5.1499999999999995,4.86,4.31,6.28,4.585,5.57,1.0165136496870073,25.0,3
ulaanbaatar,Ulaanbaatar,14549786,pm25,2026-04-01,15,2026-04-01T07:00:00Z,2026-04-01T15:00:00+08:00,0.0,0.0,0.0,0.0,0.0,0.0,,100.0,1
ulaanbaatar,Ulaanbaatar,14549786,pm25,2026-04-01,16,2026-04-01T08:00:00Z,2026-04-01T16:00:00+08:00,0.0,0.0,0.0,0.0,0.0,0.0,,100.0,1
ulaanbaatar,Ulaanbaatar,14549786,pm25,2026-04-01,17,2026-04-01T09:00:00Z,2026-04-01T17:00:00+08:00,0.5,0.5,0.5,0.5,0.5,0.5,,100.0,1
ulaanbaatar,Ulaanbaatar,13412636,pm25,2026-04-01,17,2026-04-01T09:00:00Z,2026-04-01T17:00:00+08:00,5.2266666666666675,5.24,4.36,6.08,4.800000000000001,5.66,0.8600775158864077,25.0,3
ulaanbaatar,Ulaanbaatar,13412637,pm25,2026-04-01,17,2026-04-01T09:00:00Z,2026-04-01T17:00:00+08:00,5.5633333333333335,5.7,5.24,5.75,5.470000000000001,5.725,0.28112867753634246,25.0,3
ulaanbaatar,Ulaanbaatar,14549786,pm25,2026-04-01,18,2026-04-01T10:00:00Z,2026-04-01T18:00:00+08:00,1.3,1.3,1.3,1.3,1.3,1.3,,100.0,1
ulaanbaatar,Ulaanbaatar,13412636,pm25,2026-04-01,18,2026-04-01T10:00:00Z,2026-04-01T18:00:00+08:00,8.785,7.85,5.03,14.41,6.859999999999999,9.775,,33.0,4
ulaanbaatar,Ulaanbaatar,13412637,pm25,2026-04-01,18,2026-04-01T10:00:00Z,2026-04-01T18:00:00+08:00,8.785,8.809999999999999,7.82,9.7,8.105,9.49,,33.0,4
ulaanbaatar,Ulaanbaatar,14549786,pm25,2026-04-01,19,2026-04-01T11:00:00Z,2026-04-01T19:00:00+08:00,13.2,13.2,13.2,13.2,13.2,13.2,,100.0,1
ulaanbaatar,Ulaanbaatar,13412636,pm25,2026-04-01,19,2026-04-01T11:00:00Z,2026-04-01T19:00:00+08:00,38.96666666666667,33.96,30.29,52.65,32.125,43.305,11.991348270037578,25.0,3
ulaanbaatar,Ulaanbaatar,13412637,pm25,2026-04-01,19,2026-04-01T11:00:00Z,2026-04-01T19:00:00+08:00,37.27,31.64,30.78,49.39,31.21,40.515,10.505032127509178,25.0,3
ulaanbaatar,Ulaanbaatar,14549786,pm25,2026-04-01,20,2026-04-01T12:00:00Z,2026-04-01T20:00:00+08:00,30.7,30.7,30.7,30.7,30.7,30.7,,100.0,1
ulaanbaatar,Ulaanbaatar,13412637,pm25,2026-04-01,20,2026-04-01T12:00:00Z,2026-04-01T20:00:00+08:00,52.8275,55.07,39.65,61.52,50.9225,56.975,,33.0,4
ulaanbaatar,Ulaanbaatar,13412636,pm25,2026-04-01,20,2026-04-01T12:00:00Z,2026-04-01T20:00:00+08:00,53.6925,53.620000000000005,30.35,77.18,46.932500000000005,60.38,,33.0,4
ulaanbaatar,Ulaanbaatar,14549786,pm25,2026-04-01,21,2026-04-01T13:00:00Z,2026-04-01T21:00:00+08:00,51.6,51.6,51.6,51.6,51.6,51.6,,100.0,1
ulaanbaatar,Ulaanbaatar,13412636,pm25,2026-04-01,21,2026-04-01T13:00:00Z,2026-04-01T21:00:00+08:00,46.0,44.58,43.05,50.37,43.815,47.474999999999994,3.861074979846935,25.0,3
ulaanbaatar,Ulaanbaatar,13412637,pm25,2026-04-01,21,2026-04-01T13:00:00Z,2026-04-01T21:00:00+08:00,45.64666666666667,45.37,39.53,52.04,42.45,48.705,6.259587313340502,25.0,3
ulaanbaatar,Ulaanbaatar,14549786,pm25,2026-04-01,22,2026-04-01T14:00:00Z,2026-04-01T22:00:00+08:00,37.8,37.8,37.8,37.8,37.8,37.8,,100.0,1
ulaanbaatar,Ulaanbaatar,13412636,pm25,2026-04-01,22,2026-04-01T14:00:00Z,2026-04-01T22:00:00+08:00,37.265,36.3,32.97,43.49,35.46,38.105000000000004,,33.0,4
ulaanbaatar,Ulaanbaatar,13412637,pm25,2026-04-01,22,2026-04-01T14:00:00Z,2026-04-01T22:00:00+08:00,33.192499999999995,31.990000000000002,30.61,38.18,31.1275,34.055,,33.0,4
ulaanbaatar,Ulaanbaatar,14549786,pm25,2026-04-01,23,2026-04-01T15:00:00Z,2026-04-01T23:00:00+08:00,29.5,29.5,29.5,29.5,29.5,29.5,,100.0,1
ulaanbaatar,Ulaanbaatar,13412636,pm25,2026-04-01,23,2026-04-01T15:00:00Z,2026-04-01T23:00:00+08:00,29.810000000000002,30.83,26.14,32.46,28.485,31.645,3.281143093496535,25.0,3
ulaanbaatar,Ulaanbaatar,13412637,pm25,2026-04-01,23,2026-04-01T15:00:00Z,2026-04-01T23:00:00+08:00,27.810000000000002,28.73,25.03,29.67,26.880000000000003,29.200000000000003,2.452998165510932,25.0,3
ulaanbaatar,Ulaanbaatar,14549786,pm25,2026-04-02,0,2026-04-01T16:00:00Z,2026-04-02T00:00:00+08:00,21.9,21.9,21.9,21.9,21.9,21.9,,100.0,1
ulaanbaatar,Ulaanbaatar,13412637,pm25,2026-04-02,0,2026-04-01T16:00:00Z,2026-04-02T00:00:00+08:00,20.950000000000003,21.67,17.31,23.15,20.564999999999998,22.055,,33.0,4
ulaanbaatar,Ulaanbaatar,13412636,pm25,2026-04-02,0,2026-04-01T16:00:00Z,2026-04-02T00:00:00+08:00,22.796666666666667,23.2,21.67,23.52,22.435000000000002,23.36,0.9887534239300144,25.0,3
ulaanbaatar,Ulaanbaatar,14549786,pm25,2026-04-02,1,2026-04-01T17:00:00Z,2026-04-02T01:00:00+08:00,16.0,16.0,16.0,16.0,16.0,16.0,,100.0,1
ulaanbaatar,Ulaanbaatar,14549786,pm25,2026-04-02,2,2026-04-01T18:00:00Z,2026-04-02T02:00:00+08:00,15.6,15.6,15.6,15.6,15.6,15.6,,100.0,1
ulaanbaatar,Ulaanbaatar,13412637,pm25,2026-04-02,2,2026-04-01T18:00:00Z,2026-04-02T02:00:00+08:00,14.535,14.195,12.44,17.31,13.1675,15.5625,2.125503861832922,33.0,4
ulaanbaatar,Ulaanbaatar,13412636,pm25,2026-04-02,2,2026-04-01T18:00:00Z,2026-04-02T02:00:00+08:00,16.843333333333334,15.91,15.49,19.13,15.7,17.52,1.9914149073795078,25.0,3
ulaanbaatar,Ulaanbaatar,14549786,pm25,2026-04-02,3,2026-04-01T19:00:00Z,2026-04-02T03:00:00+08:00,6.5,6.5,6.5,6.5,6.5,6.5,,100.0,1
ulaanbaatar,Ulaanbaatar,13412636,pm25,2026-04-02,3,2026-04-01T19:00:00Z,2026-04-02T03:00:00+08:00,12.0125,11.5,10.19,14.86,10.317499999999999,13.195,,33.0,4
ulaanbaatar,Ulaanbaatar,13412637,pm25,2026-04-02,3,2026-04-01T19:00:00Z,2026-04-02T03:00:00+08:00,10.093333333333334,9.75,9.04,11.49,9.395,10.620000000000001,1.2605686547480592,25.0,3
ulaanbaatar,Ulaanbaatar,14549786,pm25,2026-04-02,4,2026-04-01T20:00:00Z,2026-04-02T04:00:00+08:00,4.6,4.6,4.6,4.6,4.6,4.6,,100.0,1
ulaanbaatar,Ulaanbaatar,13412636,pm25,2026-04-02,4,2026-04-01T20:00:00Z,2026-04-02T04:00:00+08:00,11.566666666666668,11.72,9.46,13.52,10.59,12.620000000000001,2.034338549340629,25.0,3
ulaanbaatar,Ulaanbaatar,13412637,pm25,2026-04-02,4,2026-04-01T20:00:00Z,2026-04-02T04:00:00+08:00,10.063333333333333,9.45,9.38,11.36,9.415,10.405,1.1234915813362076,25.0,3
ulaanbaatar,Ulaanbaatar,14549786,pm25,2026-04-02,5,2026-04-01T21:00:00Z,2026-04-02T05:00:00+08:00,4.8,4.8,4.8,4.8,4.8,4.8,,100.0,1
ulaanbaatar,Ulaanbaatar,14549786,pm25,2026-04-02,6,2026-04-01T22:00:00Z,2026-04-02T06:00:00+08:00,1.3,1.3,1.3,1.3,1.3,1.3,,100.0,1
ulaanbaatar,Ulaanbaatar,14549786,pm25,2026-04-02,7,2026-04-01T23:00:00Z,2026-04-02T07:00:00+08:00,1.4,1.4,1.4,1.4,1.4,1.4,,100.0,1
ulaanbaatar,Ulaanbaatar,14549786,pm25,2026-04-02,8,2026-04-02T00:00:00Z,2026-04-02T08:00:00+08:00,1.8,1.8,1.8,1.8,1.8,1.8,,100.0,1
ulaanbaatar,Ulaanbaatar,14549786,pm25,2026-04-02,9,2026-04-02T01:00:00Z,2026-04-02T09:00:00+08:00,2.1,2.1,2.1,2.1,2.1,2.1,,100.0,1
ulaanbaatar,Ulaanbaatar,14549786,pm25,2026-04-02,10,2026-04-02T02:00:00Z,2026-04-02T10:00:00+08:00,0.7,0.7,0.7,0.7,0.7,0.7,,100.0,1
ulaanbaatar,Ulaanbaatar,13412636,pm25,2026-04-02,10,2026-04-02T02:00:00Z,2026-04-02T10:00:00+08:00,8.075,8.065,7.61,8.56,7.8725000000000005,8.2675,0.3973663297261101,33.0,4
ulaanbaatar,Ulaanbaatar,13412637,pm25,2026-04-02,10,2026-04-02T02:00:00Z,2026-04-02T10:00:00+08:00,7.596666666666667,7.56,7.05,8.18,7.305,7.869999999999999,0.5658916268450465,25.0,3
ulaanbaatar,Ulaanbaatar,14549786,pm25,2026-04-02,11,2026-04-02T03:00:00Z,2026-04-02T11:00:00+08:00,0.4,0.4,0.4,0.4,0.4,0.4,,100.0,1
ulaanbaatar,Ulaanbaatar,13412637,pm25,2026-04-02,11,2026-04-02T03:00:00Z,2026-04-02T11:00:00+08:00,8.135000000000002,7.775,7.18,9.81,7.555,8.355,,33.0,4
ulaanbaatar,Ulaanbaatar,13412636,pm25,2026-04-02,11,2026-04-02T03:00:00Z,2026-04-02T11:00:00+08:00,7.976666666666667,7.89,7.43,8.61,7.66,8.25,0.5947548514584254,25.0,3
ulaanbaatar,Ulaanbaatar,14549786,pm25,2026-04-02,12,2026-04-02T04:00:00Z,2026-04-02T12:00:00+08:00,0.5,0.5,0.5,0.5,0.5,0.5,,100.0,1
ulaanbaatar,Ulaanbaatar,13412636,pm25,2026-04-02,12,2026-04-02T04:00:00Z,2026-04-02T12:00:00+08:00,8.1775,8.205,7.31,8.99,7.52,8.8625,,33.0,4
ulaanbaatar,Ulaanbaatar,13412637,pm25,2026-04-02,12,2026-04-02T04:00:00Z,2026-04-02T12:00:00+08:00,8.17,7.76,7.69,9.06,7.725,8.41,0.7715568676384138,25.0,3
ulaanbaatar,Ulaanbaatar,14549786,pm25,2026-04-02,13,2026-04-02T05:00:00Z,2026-04-02T13:00:00+08:00,3.8,3.8,3.8,3.8,3.8,3.8,,100.0,1
ulaanbaatar,Ulaanbaatar,14549786,pm25,2026-04-02,14,2026-04-02T06:00:00Z,2026-04-02T14:00:00+08:00,2.0,2.0,2.0,2.0,2.0,2.0,,100.0,1
ulaanbaatar,Ulaanbaatar,13412636,pm25,2026-04-02,14,2026-04-02T06:00:00Z,2026-04-02T14:00:00+08:00,11.004999999999999,10.77,8.37,14.11,9.135,12.64,2.614287665885297,33.0,4
ulaanbaatar,Ulaanbaatar,13412637,pm25,2026-04-02,14,2026-04-02T06:00:00Z,2026-04-02T14:00:00+08:00,10.09,9.19,8.91,12.17,9.05,10.68,1.8067650649710922,25.0,3
ulaanbaatar,Ulaanbaatar,14549786,pm25,2026-04-02,15,2026-04-02T07:00:00Z,2026-04-02T15:00:00+08:00,3.9,3.9,3.9,3.9,3.9,3.9,,100.0,1
ulaanbaatar,Ulaanbaatar,13412636,pm25,2026-04-02,15,2026-04-02T07:00:00Z,2026-04-02T15:00:00+08:00,13.826666666666668,11.55,8.85,21.08,10.2,16.314999999999998,6.425000648508396,25.0,3
ulaanbaatar,Ulaanbaatar,13412637,pm25,2026-04-02,15,2026-04-02T07:00:00Z,2026-04-02T15:00:00+08:00,13.636666666666665,11.3,10.07,19.54,10.685,15.42,5.149294450051707,25.0,3
ulaanbaatar,Ulaanbaatar,14549786,pm25,2026-04-02,16,2026-04-02T08:00:00Z,2026-04-02T16:00:00+08:00,4.0,4.0,4.0,4.0,4.0,4.0,,100.0,1
ulaanbaatar,Ulaanbaatar,13412637,pm25,2026-04-02,16,2026-04-02T08:00:00Z,2026-04-02T16:00:00+08:00,13.172500000000001,10.585,9.39,22.13,9.8175,13.940000000000001,,33.0,4
ulaanbaatar,Ulaanbaatar,13412636,pm25,2026-04-02,16,2026-04-02T08:00:00Z,2026-04-02T16:00:00+08:00,11.2675,11.225,9.81,12.81,10.5375,11.955,,33.0,4
ulaanbaatar,Ulaanbaatar,14549786,pm25,2026-04-02,17,2026-04-02T09:00:00Z,2026-04-02T17:00:00+08:00,1.1,1.1,1.1,1.1,1.1,1.1,,100.0,1
ulaanbaatar,Ulaanbaatar,13412636,pm25,2026-04-02,17,2026-04-02T09:00:00Z,2026-04-02T17:00:00+08:00,10.68,9.91,9.74,12.39,9.825,11.15,1.483340823951125,25.0,3
ulaanbaatar,Ulaanbaatar,13412637,pm25,2026-04-02,17,2026-04-02T09:00:00Z,2026-04-02T17:00:00+08:00,8.256666666666668,8.13,7.14,9.5,7.635,8.815000000000001,1.1850879010998876,25.0,3
ulaanbaatar,Ulaanbaatar,14549786,pm25,2026-04-02,18,2026-04-02T10:00:00Z,2026-04-02T18:00:00+08:00,5.2,5.2,5.2,5.2,5.2,5.2,,100.0,1
ulaanbaatar,Ulaanbaatar,13412637,pm25,2026-04-02,18,2026-04-02T10:00:00Z,2026-04-02T18:00:00+08:00,10.355,9.195,6.63,16.4,8.085,11.465,,33.0,4
ulaanbaatar,Ulaanbaatar,13412636,pm25,2026-04-02,18,2026-04-02T10:00:00Z,2026-04-02T18:00:00+08:00,10.200000000000001,9.495000000000001,8.43,13.38,8.9925,10.7025,,33.0,4
ulaanbaatar,Ulaanbaatar,14549786,pm25,2026-04-02,19,2026-04-02T11:00:00Z,2026-04-02T19:00:00+08:00,17.8,17.8,17.8,17.8,17.8,17.8,,100.0,1
ulaanbaatar,Ulaanbaatar,13412636,pm25,2026-04-02,19,2026-04-02T11:00:00Z,2026-04-02T19:00:00+08:00,14.803333333333333,15.71,10.29,18.41,13.0,17.060000000000002,4.1352307472900875,25.0,3
ulaanbaatar,Ulaanbaatar,13412637,pm25,2026-04-02,19,2026-04-02T11:00:00Z,2026-04-02T19:00:00+08:00,11.133333333333333,9.5,8.85,15.05,9.175,12.275,3.4074672901340284,25.0,3
ulaanbaatar,Ulaanbaatar,14549786,pm25,2026-04-02,20,2026-04-02T12:00:00Z,2026-04-02T20:00:00+08:00,15.5,15.5,15.5,15.5,15.5,15.5,,100.0,1
ulaanbaatar,Ulaanbaatar,13412637,pm25,2026-04-02,20,2026-04-02T12:00:00Z,2026-04-02T20:00:00+08:00,17.225,17.384999999999998,11.53,22.6,15.7375,18.8725,,33.0,4
ulaanbaatar,Ulaanbaatar,13412636,pm25,2026-04-02,20,2026-04-02T12:00:00Z,2026-04-02T20:00:00+08:00,23.72,21.03,18.44,31.69,19.735,26.36,7.022656192638223,25.0,3
ulaanbaatar,Ulaanbaatar,14549786,pm25,2026-04-02,21,2026-04-02T13:00:00Z,2026-04-02T21:00:00+08:00,18.3,18.3,18.3,18.3,18.3,18.3,,100.0,1
ulaanbaatar,Ulaanbaatar,13412636,pm25,2026-04-02,21,2026-04-02T13:00:00Z,2026-04-02T21:00:00+08:00,13.985,13.370000000000001,11.47,17.73,11.942499999999999,15.412500000000001,,33.0,4
ulaanbaatar,Ulaanbaatar,13412637,pm25,2026-04-02,21,2026-04-02T13:00:00Z,2026-04-02T21:00:00+08:00,15.616666666666665,15.78,10.02,21.05,12.899999999999999,18.415,5.516813693911851,25.0,3
ulaanbaatar,Ulaanbaatar,14549786,pm25,2026-04-02,22,2026-04-02T14:00:00Z,2026-04-02T22:00:00+08:00,15.5,15.5,15.5,15.5,15.5,15.5,,100.0,1
ulaanbaatar,Ulaanbaatar,13412637,pm25,2026-04-02,22,2026-04-02T14:00:00Z,2026-04-02T22:00:00+08:00,14.2425,14.21,9.41,19.14,11.225,17.2275,,33.0,4
ulaanbaatar,Ulaanbaatar,13412636,pm25,2026-04-02,22,2026-04-02T14:00:00Z,2026-04-02T22:00:00+08:00,13.096666666666666,11.83,11.36,16.1,11.594999999999999,13.965,2.61155764503358,25.0,3
ulaanbaatar,Ulaanbaatar,14549786,pm25,2026-04-02,23,2026-04-02T15:00:00Z,2026-04-02T23:00:00+08:00,4.4,4.4,4.4,4.4,4.4,4.4,,100.0,1
ulaanbaatar,Ulaanbaatar,13412636,pm25,2026-04-02,23,2026-04-02T15:00:00Z,2026-04-02T23:00:00+08:00,14.2775,12.815,10.0,21.48,10.7575,16.335,,33.0,4
ulaanbaatar,Ulaanbaatar,13412637,pm25,2026-04-02,23,2026-04-02T15:00:00Z,2026-04-02T23:00:00+08:00,11.14,9.42,8.71,15.29,9.065000000000001,12.355,3.6114955350934594,25.0,3
ulaanbaatar,Ulaanbaatar,14549786,pm25,2026-04-03,0,2026-04-02T16:00:00Z,2026-04-03T00:00:00+08:00,1.4,1.4,1.4,1.4,1.4,1.4,,100.0,1
ulaanbaatar,Ulaanbaatar,14549786,pm25,2026-04-03,1,2026-04-02T17:00:00Z,2026-04-03T01:00:00+08:00,0.6,0.6,0.6,0.6,0.6,0.6,,100.0,1
ulaanbaatar,Ulaanbaatar,13412636,pm25,2026-04-03,1,2026-04-02T17:00:00Z,2026-04-03T01:00:00+08:00,7.249999999999999,7.39,6.21,8.01,6.66,7.9799999999999995,0.8890444308357148,33.0,4
ulaanbaatar,Ulaanbaatar,13412637,pm25,2026-04-03,1,2026-04-02T17:00:00Z,2026-04-03T01:00:00+08:00,7.6000000000000005,8.14,6.47,8.19,7.305,8.165,0.9789279850938977,25.0,3
ulaanbaatar,Ulaanbaatar,14549786,pm25,2026-04-03,2,2026-04-02T18:00:00Z,2026-04-03T02:00:00+08:00,1.3,1.3,1.3,1.3,1.3,1.3,,100.0,1
ulaanbaatar,Ulaanbaatar,13412636,pm25,2026-04-03,2,2026-04-02T18:00:00Z,2026-04-03T02:00:00+08:00,6.796666666666667,7.05,6.17,7.17,6.609999999999999,7.109999999999999,0.5460158727851531,25.0,3
ulaanbaatar,Ulaanbaatar,13412637,pm25,2026-04-03,2,2026-04-02T18:00:00Z,2026-04-03T02:00:00+08:00,6.793333333333333,6.76,6.68,6.94,6.72,6.85,0.13316656236958824,25.0,3
ulaanbaatar,Ulaanbaatar,14549786,pm25,2026-04-03,3,2026-04-02T19:00:00Z,2026-04-03T03:00:00+08:00,1.8,1.8,1.8,1.8,1.8,1.8,,100.0,1
ulaanbaatar,Ulaanbaatar,13412637,pm25,2026-04-03,3,2026-04-02T19:00:00Z,2026-04-03T03:00:00+08:00,8.0675,7.705,7.28,9.58,7.4825,8.290000000000001,,33.0,4
ulaanbaatar,Ulaanbaatar,13412636,pm25,2026-04-03,3,2026-04-02T19:00:00Z,2026-04-03T03:00:00+08:00,8.7375,8.305,7.89,10.45,7.89,9.1525,,33.0,4
ulaanbaatar,Ulaanbaatar,14549786,pm25,2026-04-03,4,2026-04-02T20:00:00Z,2026-04-03T04:00:00+08:00,5.1,5.1,5.1,5.1,5.1,5.1,,100.0,1
ulaanbaatar,Ulaanbaatar,13412636,pm25,2026-04-03,4,2026-04-02T20:00:00Z,2026-04-03T04:00:00+08:00,9.206666666666665,8.6,7.24,11.78,7.92,10.19,2.3300071530648423,25.0,3
ulaanbaatar,Ulaanbaatar,13412637,pm25,2026-04-03,4,2026-04-02T20:00:00Z,2026-04-03T04:00:00+08:00,10.093333333333334,9.84,8.31,12.13,9.075,10.985,1.922559058477356,25.0,3
ulaanbaatar,Ulaanbaatar,14549786,pm25,2026-04-03,5,2026-04-02T21:00:00Z,2026-04-03T05:00:00+08:00,2.2,2.2,2.2,2.2,2.2,2.2,,100.0,1
ulaanbaatar,Ulaanbaatar,14549786,pm25,2026-04-03,6,2026-04-02T22:00:00Z,2026-04-03T06:00:00+08:00,8.1,8.1,8.1,8.1,8.1,8.1,,100.0,1
ulaanbaatar,Ulaanbaatar,13412636,pm25,2026-04-03,6,2026-04-02T22:00:00Z,2026-04-03T06:00:00+08:00,13.250000000000002,13.54,11.18,14.74,12.425,14.365,1.5972058936363427,33.0,4
ulaanbaatar,Ulaanbaatar,13412637,pm25,2026-04-03,6,2026-04-02T22:00:00Z,2026-04-03T06:00:00+08:00,13.943333333333333,13.37,11.35,17.11,12.36,15.239999999999998,2.922487524923474,25.0,3
ulaanbaatar,Ulaanbaatar,14549786,pm25,2026-04-03,7,2026-04-02T23:00:00Z,2026-04-03T07:00:00+08:00,30.5,30.5,30.5,30.5,30.5,30.5,,100.0,1
ulaanbaatar,Ulaanbaatar,14549786,pm25,2026-04-03,8,2026-04-03T00:00:00Z,2026-04-03T08:00:00+08:00,20.6,20.6,20.6,20.6,20.6,20.6,,100.0,1
ulaanbaatar,Ulaanbaatar,14549786,pm25,2026-04-03,9,2026-04-03T01:00:00Z,2026-04-03T09:00:00+08:00,15.6,15.6,15.6,15.6,15.6,15.6,,100.0,1
ulaanbaatar,Ulaanbaatar,13412637,pm25,2026-04-03,9,2026-04-03T01:00:00Z,2026-04-03T09:00:00+08:00,16.247500000000002,14.955,11.54,23.54,11.615,19.5875,5.79254333892577,33.0,4
ulaanbaatar,Ulaanbaatar,13412636,pm25,2026-04-03,9,2026-04-03T01:00:00Z,2026-04-03T09:00:00+08:00,18.743333333333336,20.04,12.06,24.13,16.05,22.085,6.138585613423774,25.0,3
ulaanbaatar,Ulaanbaatar,14549786,pm25,2026-04-03,10,2026-04-03T02:00:00Z,2026-04-03T10:00:00+08:00,4.1,4.1,4.1,4.1,4.1,4.1,,100.0,1
ulaanbaatar,Ulaanbaatar,14549786,pm25,2026-04-03,11,2026-04-03T03:00:00Z,2026-04-03T11:00:00+08:00,2.3,2.3,2.3,2.3,2.3,2.3,,100.0,1
ulaanbaatar,Ulaanbaatar,13412636,pm25,2026-04-03,11,2026-04-03T03:00:00Z,2026-04-03T11:00:00+08:00,10.716666666666667,11.3,9.06,11.79,10.18,11.545,1.4554838828833985,25.0,3
ulaanbaatar,Ulaanbaatar,13412637,pm25,2026-04-03,11,2026-04-03T03:00:00Z,2026-04-03T11:00:00+08:00,12.406666666666666,10.7,10.3,16.22,10.5,13.459999999999999,3.308494118678969,25.0,3
ulaanbaatar,Ulaanbaatar,14549786,pm25,2026-04-03,12,2026-04-03T04:00:00Z,2026-04-03T12:00:00+08:00,1.3,1.3,1.3,1.3,1.3,1.3,,100.0,1
ulaanbaatar,Ulaanbaatar,13412637,pm25,2026-04-03,12,2026-04-03T04:00:00Z,2026-04-03T12:00:00+08:00,10.4375,8.879999999999999,8.14,15.85,8.4625,10.855,,33.0,4
ulaanbaatar,Ulaanbaatar,13412636,pm25,2026-04-03,12,2026-04-03T04:00:00Z,2026-04-03T12:00:00+08:00,9.6025,9.879999999999999,8.21,10.44,9.455,10.0275,,33.0,4
ulaanbaatar,Ulaanbaatar,14549786,pm25,2026-04-03,13,2026-04-03T05:00:00Z,2026-04-03T13:00:00+08:00,0.5,0.5,0.5,0.5,0.5,0.5,,100.0,1
ulaanbaatar,Ulaanbaatar,13412636,pm25,2026-04-03,13,2026-04-03T05:00:00Z,2026-04-03T13:00:00+08:00,8.043333333333335,8.34,7.28,8.51,7.8100000000000005,8.425,0.666508314526784,25.0,3
ulaanbaatar,Ulaanbaatar,13412637,pm25,2026-04-03,13,2026-04-03T05:00:00Z,2026-04-03T13:00:00+08:00,8.11,8.18,7.53,8.62,7.855,8.399999999999999,0.5483611948342076,25.0,3
ulaanbaatar,Ulaanbaatar,14549786,pm25,2026-04-03,14,2026-04-03T06:00:00Z,2026-04-03T14:00:00+08:00,4.0,4.0,4.0,4.0,4.0,4.0,,100.0,1
ulaanbaatar,Ulaanbaatar,13412637,pm25,2026-04-03,14,2026-04-03T06:00:00Z,2026-04-03T14:00:00+08:00,10.0975,9.705,7.83,13.15,8.2125,11.59,,33.0,4
ulaanbaatar,Ulaanbaatar,13412636,pm25,2026-04-03,14,2026-04-03T06:00:00Z,2026-04-03T14:00:00+08:00,13.1675,10.465,8.63,23.11,9.3575,14.275,6.721747664608264,33.0,4
ulaanbaatar,Ulaanbaatar,14549786,pm25,2026-04-03,15,2026-04-03T07:00:00Z,2026-04-03T15:00:00+08:00,0.7,0.7,0.7,0.7,0.7,0.7,,100.0,1
ulaanbaatar,Ulaanbaatar,14549786,pm25,2026-04-03,16,2026-04-03T08:00:00Z,2026-04-03T16:00:00+08:00,1.2,1.2,1.2,1.2,1.2,1.2,,100.0,1
ulaanbaatar,Ulaanbaatar,14549786,pm25,2026-04-03,17,2026-04-03T09:00:00Z,2026-04-03T17:00:00+08:00,2.6,2.6,2.6,2.6,2.6,2.6,,100.0,1
ulaanbaatar,Ulaanbaatar,14549786,pm25,2026-04-03,18,2026-04-03T10:00:00Z,2026-04-03T18:00:00+08:00,3.6,3.6,3.6,3.6,3.6,3.6,,100.0,1
ulaanbaatar,Ulaanbaatar,14549786,pm25,2026-04-03,19,2026-04-03T11:00:00Z,2026-04-03T19:00:00+08:00,8.8,8.8,8.8,8.8,8.8,8.8,,100.0,1
ulaanbaatar,Ulaanbaatar,13412636,pm25,2026-04-03,19,2026-04-03T11:00:00Z,2026-04-03T19:00:00+08:00,15.6125,14.665,12.75,20.37,13.087499999999999,17.189999999999998,3.5078804141532545,33.0,4
ulaanbaatar,Ulaanbaatar,13412637,pm25,2026-04-03,19,2026-04-03T11:00:00Z,2026-04-03T19:00:00+08:00,14.526666666666666,15.0,12.49,16.09,13.745000000000001,15.545,1.846085949606176,25.0,3
ulaanbaatar,Ulaanbaatar,14549786,pm25,2026-04-03,20,2026-04-03T12:00:00Z,2026-04-03T20:00:00+08:00,49.6,49.6,49.6,49.6,49.6,49.6,,100.0,1
ulaanbaatar,Ulaanbaatar,13412637,pm25,2026-04-03,20,2026-04-03T12:00:00Z,2026-04-03T20:00:00+08:00,46.417500000000004,49.205,17.86,69.4,36.167500000000004,59.455,,33.0,4
ulaanbaatar,Ulaanbaatar,13412636,pm25,2026-04-03,20,2026-04-03T12:00:00Z,2026-04-03T20:00:00+08:00,56.06666666666667,68.45,22.78,76.97,45.615,72.71000000000001,29.14016529351427,25.0,3
ulaanbaatar,Ulaanbaatar,14549786,pm25,2026-04-03,21,2026-04-03T13:00:00Z,2026-04-03T21:00:00+08:00,46.0,46.0,46.0,46.0,46.0,46.0,,100.0,1
ulaanbaatar,Ulaanbaatar,14549786,pm25,2026-04-03,22,2026-04-03T14:00:00Z,2026-04-03T22:00:00+08:00,37.8,37.8,37.8,37.8,37.8,37.8,,100.0,1
ulaanbaatar,Ulaanbaatar,13412636,pm25,2026-04-03,22,2026-04-03T14:00:00Z,2026-04-03T22:00:00+08:00,32.23,34.27,27.49,34.93,30.880000000000003,34.6,4.118203491815332,25.0,3
ulaanbaatar,Ulaanbaatar,13412637,pm25,2026-04-03,22,2026-04-03T14:00:00Z,2026-04-03T22:00:00+08:00,28.323333333333334,27.31,25.8,31.86,26.555,29.585,3.154525849209884,25.0,3
ulaanbaatar,Ulaanbaatar,14549786,pm25,2026-04-03,23,2026-04-03T15:00:00Z,2026-04-03T23:00:00+08:00,42.0,42.0,42.0,42.0,42.0,42.0,,100.0,1
ulaanbaatar,Ulaanbaatar,14549786,pm25,2026-04-04,0,2026-04-03T16:00:00Z,2026-04-04T00:00:00+08:00,37.0,37.0,37.0,37.0,37.0,37.0,,100.0,1
ulaanbaatar,Ulaanbaatar,13412636,pm25,2026-04-04,0,2026-04-03T16:00:00Z,2026-04-04T00:00:00+08:00,33.080000000000005,31.56,27.39,40.29,29.475,35.925,6.582955263405637,25.0,3
ulaanbaatar,Ulaanbaatar,13412637,pm25,2026-04-04,0,2026-04-03T16:00:00Z,2026-04-04T00:00:00+08:00,31.966666666666665,34.19,22.81,38.9,28.5,36.545,8.272208491892199,25.0,3
ulaanbaatar,Ulaanbaatar,14549786,pm25,2026-04-04,1,2026-04-03T17:00:00Z,2026-04-04T01:00:00+08:00,20.5,20.5,20.5,20.5,20.5,20.5,,100.0,1
ulaanbaatar,Ulaanbaatar,14549786,pm25,2026-04-04,2,2026-04-03T18:00:00Z,2026-04-04T02:00:00+08:00,24.5,24.5,24.5,24.5,24.5,24.5,,100.0,1
ulaanbaatar,Ulaanbaatar,14549786,pm25,2026-04-04,3,2026-04-03T19:00:00Z,2026-04-04T03:00:00+08:00,28.7,28.7,28.7,28.7,28.7,28.7,,100.0,1
ulaanbaatar,Ulaanbaatar,13412637,pm25,2026-04-04,3,2026-04-03T19:00:00Z,2026-04-04T03:00:00+08:00,29.4675,31.26,16.93,38.42,26.89,33.837500000000006,9.054782806156462,33.0,4
ulaanbaatar,Ulaanbaatar,13412636,pm25,2026-04-04,3,2026-04-03T19:00:00Z,2026-04-04T03:00:00+08:00,28.98,35.59,15.05,36.3,25.32,35.945,12.068956044331257,25.0,3
ulaanbaatar,Ulaanbaatar,14549786,pm25,2026-04-04,4,2026-04-03T20:00:00Z,2026-04-04T04:00:00+08:00,35.8,35.8,35.8,35.8,35.8,35.8,,100.0,1
ulaanbaatar,Ulaanbaatar,13412636,pm25,2026-04-04,4,2026-04-03T20:00:00Z,2026-04-04T04:00:00+08:00,37.265,37.12,35.01,39.81,35.332499999999996,39.052499999999995,,33.0,4
ulaanbaatar,Ulaanbaatar,13412637,pm25,2026-04-04,4,2026-04-03T20:00:00Z,2026-04-04T04:00:00+08:00,33.86666666666667,34.79,31.84,34.97,33.315,34.879999999999995,1.757450805380717,25.0,3
ulaanbaatar,Ulaanbaatar,14549786,pm25,2026-04-04,5,2026-04-03T21:00:00Z,2026-04-04T05:00:00+08:00,25.8,25.8,25.8,25.8,25.8,25.8,,100.0,1
ulaanbaatar,Ulaanbaatar,13412637,pm25,2026-04-04,5,2026-04-03T21:00:00Z,2026-04-04T05:00:00+08:00,27.73,27.61,16.33,39.37,16.8925,38.4475,,33.0,4
ulaanbaatar,Ulaanbaatar,13412636,pm25,2026-04-04,5,2026-04-03T21:00:00Z,2026-04-04T05:00:00+08:00,34.00333333333334,39.2,20.81,42.0,30.005000000000003,40.6,11.511213373634138,25.0,3
ulaanbaatar,Ulaanbaatar,14549786,pm25,2026-04-04,6,2026-04-03T22:00:00Z,2026-04-04T06:00:00+08:00,37.0,37.0,37.0,37.0,37.0,37.0,,100.0,1
ulaanbaatar,Ulaanbaatar,13412636,pm25,2026-04-04,6,2026-04-03T22:00:00Z,2026-04-04T06:00:00+08:00,25.380000000000003,24.0,16.46,37.06,18.11,31.27,,33.0,4
ulaanbaatar,Ulaanbaatar,13412637,pm25,2026-04-04,6,2026-04-03T22:00:00Z,2026-04-04T06:00:00+08:00,25.973333333333333,23.16,16.91,37.85,20.035,30.505000000000003,10.749745733427062,25.0,3
ulaanbaatar,Ulaanbaatar,14549786,pm25,2026-04-04,7,2026-04-03T23:00:00Z,2026-04-04T07:00:00+08:00,33.7,33.7,33.7,33.7,33.7,33.7,,100.0,1
ulaanbaatar,Ulaanbaatar,14549786,pm25,2026-04-04,8,2026-04-04T00:00:00Z,2026-04-04T08:00:00+08:00,11.6,11.6,11.6,11.6,11.6,11.6,,100.0,1
ulaanbaatar,Ulaanbaatar,14549786,pm25,2026-04-04,9,2026-04-04T01:00:00Z,2026-04-04T09:00:00+08:00,19.8,19.8,19.8,19.8,19.8,19.8,,100.0,1
ulaanbaatar,Ulaanbaatar,13412636,pm25,2026-04-04,9,2026-04-04T01:00:00Z,2026-04-04T09:00:00+08:00,19.646666666666665,18.03,17.64,23.27,17.835,20.65,3.143951865619659,25.0,3
ulaanbaatar,Ulaanbaatar,13412637,pm25,2026-04-04,9,2026-04-04T01:00:00Z,2026-04-04T09:00:00+08:00,17.846666666666668,17.08,16.65,19.81,16.865,18.445,1.713835853672496,25.0,3
ulaanbaatar,Ulaanbaatar,14549786,pm25,2026-04-04,10,2026-04-04T02:00:00Z,2026-04-04T10:00:00+08:00,14.0,14.0,14.0,14.0,14.0,14.0,,100.0,1
ulaanbaatar,Ulaanbaatar,14549786,pm25,2026-04-04,11,2026-04-04T03:00:00Z,2026-04-04T11:00:00+08:00,8.3,8.3,8.3,8.3,8.3,8.3,,100.0,1
ulaanbaatar,Ulaanbaatar,13412636,pm25,2026-04-04,11,2026-04-04T03:00:00Z,2026-04-04T11:00:00+08:00,10.806666666666667,11.4,9.19,11.83,10.295,11.615,1.4164862630231663,25.0,3
ulaanbaatar,Ulaanbaatar,13412637,pm25,2026-04-04,11,2026-04-04T03:00:00Z,2026-04-04T11:00:00+08:00,11.676666666666668,11.1,10.93,13.0,11.015,12.05,1.1491881192099647,25.0,3
ulaanbaatar,Ulaanbaatar,14549786,pm25,2026-04-04,12,2026-04-04T04:00:00Z,2026-04-04T12:00:00+08:00,4.2,4.2,4.2,4.2,4.2,4.2,,100.0,1
ulaanbaatar,Ulaanbaatar,13412637,pm25,2026-04-04,12,2026-04-04T04:00:00Z,2026-04-04T12:00:00+08:00,10.377500000000001,9.3,7.61,15.3,8.2925,11.385,,33.0,4
ulaanbaatar,Ulaanbaatar,13412636,pm25,2026-04-04,12,2026-04-04T04:00:00Z,2026-04-04T12:00:00+08:00,8.526666666666667,8.56,7.61,9.41,8.085,8.985,0.90046284394934,25.0,3
ulaanbaatar,Ulaanbaatar,14549786,pm25,2026-04-04,13,2026-04-04T05:00:00Z,2026-04-04T13:00:00+08:00,1.3,1.3,1.3,1.3,1.3,1.3,,100.0,1
ulaanbaatar,Ulaanbaatar,13412636,pm25,2026-04-04,13,2026-04-04T05:00:00Z,2026-04-04T13:00:00+08:00,9.05,9.045000000000002,8.7,9.41,8.7075,9.387500000000001,,33.0,4
ulaanbaatar,Ulaanbaatar,13412637,pm25,2026-04-04,13,2026-04-04T05:00:00Z,2026-04-04T13:00:00+08:00,7.539999999999999,7.45,6.72,8.45,7.085,7.949999999999999,0.86850446170414,25.0,3
